Pathways found,Pathway search time,Pairs to annotate,DB annotation time,Boundaries found total,Boundaries found in the graph
150,70.83029294013977,178,46.36899781227112,59,56
1680,2093.9980552196503,1130,312.1596438884735,286,267
7979,3874.997807264328,2114,691.9117918014526,277,237
7037,3488.5179481506348,1126,298.1470899581909,213,154
4543,3340.8684198856354,560,150.47582411766052,134,60
1767,2138.8401358127594,157,41.61677694320679,83,6
180,191.43391394615173,16,4.117214918136597,78,1
30,32.284477949142456,2,0.5381917953491211,77,0
77,4
